{
  "views": [
    {
      "id": "176099151141480eyj8505",
      "page": "/",
      "postId": "test-post",
      "category": "technology",
      "sessionId": "test-session-1",
      "ip": "::1",
      "userAgent": "curl/8.7.1",
      "timestamp": "2025-10-20T20:18:31.414Z"
    },
    {
      "id": "1760991543321t7ikoc84w",
      "page": "/",
      "sessionId": "1760991543054xnaox1p7q",
      "ip": "::ffff:192.168.1.249",
      "userAgent": "Mozilla/5.0 (iPhone; CPU iPhone OS 18_7 like Mac OS X) AppleWebKit/605.1.15 (KHTML, like Gecko) Version/26.0.1 Mobile/15E148 Safari/604.1",
      "referrer": "http://192.168.1.191:3000/",
      "timestamp": "2025-10-20T20:19:03.321Z"
    },
    {
      "id": "1760991552317fir5dk3v9",
      "page": "/blog/machine-learning-fundamentals-a-beginners-guide",
      "sessionId": "1760991543054xnaox1p7q",
      "ip": "::ffff:192.168.1.249",
      "userAgent": "Mozilla/5.0 (iPhone; CPU iPhone OS 18_7 like Mac OS X) AppleWebKit/605.1.15 (KHTML, like Gecko) Version/26.0.1 Mobile/15E148 Safari/604.1",
      "referrer": "http://192.168.1.191:3000/blog/machine-learning-fundamentals-a-beginners-guide",
      "timestamp": "2025-10-20T20:19:12.317Z"
    },
    {
      "id": "17609916465095j35jtbp3",
      "page": "/",
      "sessionId": "1760991646260tgslvvh27",
      "ip": "::1",
      "userAgent": "Mozilla/5.0 (Macintosh; Intel Mac OS X 10_15_7) AppleWebKit/537.36 (KHTML, like Gecko) Chrome/141.0.0.0 Safari/537.36",
      "referrer": "http://localhost:3000/",
      "timestamp": "2025-10-20T20:20:46.509Z"
    },
    {
      "id": "1760991658662baw2pufru",
      "page": "/blog/machine-learning-fundamentals-a-beginners-guide",
      "sessionId": "1760991646260tgslvvh27",
      "ip": "::1",
      "userAgent": "Mozilla/5.0 (Macintosh; Intel Mac OS X 10_15_7) AppleWebKit/537.36 (KHTML, like Gecko) Chrome/141.0.0.0 Safari/537.36",
      "referrer": "http://localhost:3000/blog/machine-learning-fundamentals-a-beginners-guide",
      "timestamp": "2025-10-20T20:20:58.662Z"
    }
  ],
  "comments": [],
  "lastUpdated": "2025-10-20T20:20:58.662Z"
}