{
  "id": "ai-developments-2024",
  "title": "Revolutionary AI Developments Reshaping Technology in 2024",
  "slug": "revolutionary-ai-developments-reshaping-technology-in-2024",
  "content": {
    "blocks": [
      {
        "id": "s5ffBwlLwe",
        "type": "header",
        "data": {
          "text": "The AI Revolution: A Year of Breakthroughs",
          "level": 2
        }
      },
      {
        "id": "cuX2H5ZQYy",
        "type": "paragraph",
        "data": {
          "text": "2024 has been a transformative year for artificial intelligence, with groundbreaking developments that are fundamentally changing how we interact with technology. From advanced language models to autonomous systems, AI is no longer a futuristic concept but an integral part of our daily lives."
        }
      },
      {
        "id": "P7xwJIdfyD",
        "type": "header",
        "data": {
          "text": "Large Language Models: Beyond Text Generation",
          "level": 3
        }
      },
      {
        "id": "x4Zz5Q_PV2",
        "type": "paragraph",
        "data": {
          "text": "The evolution of large language models has reached unprecedented heights. Modern AI systems can now understand context, generate creative content, and even assist in complex problem-solving tasks. These models are being integrated into everything from customer service to creative writing, revolutionizing how businesses operate."
        }
      },
      {
        "id": "FJG0-tcpDx",
        "type": "list",
        "data": {
          "style": "unordered",
          "meta": {},
          "items": [
            {
              "content": "Multimodal AI systems that process text, images, and audio simultaneously",
              "meta": {},
              "items": []
            },
            {
              "content": "Real-time language translation with near-human accuracy",
              "meta": {},
              "items": []
            },
            {
              "content": "AI-powered code generation and debugging assistance",
              "meta": {},
              "items": []
            },
            {
              "content": "Personalized content creation for marketing and education",
              "meta": {},
              "items": []
            }
          ]
        }
      },
      {
        "id": "hjJspnkuOh",
        "type": "header",
        "data": {
          "text": "Computer Vision: Seeing the World Through AI Eyes",
          "level": 3
        }
      },
      {
        "id": "8Fvb2ma96l",
        "type": "paragraph",
        "data": {
          "text": "Computer vision technology has made remarkable strides, enabling machines to interpret and understand visual information with human-like precision. This advancement is driving innovation across multiple industries, from healthcare diagnostics to autonomous vehicles."
        }
      },
      {
        "id": "g-SwZos0ns",
        "type": "header",
        "data": {
          "text": "The Future of Work: AI as a Collaborative Partner",
          "level": 3
        }
      },
      {
        "id": "Fw7D43DVpR",
        "type": "paragraph",
        "data": {
          "text": "Rather than replacing human workers, AI is increasingly being designed to augment human capabilities. Collaborative AI systems are helping professionals make better decisions, automate routine tasks, and focus on creative and strategic work that requires human insight."
        }
      },
      {
        "id": "mqEd14UVCZ",
        "type": "header",
        "data": {
          "text": "Ethical AI: Building Trust in Artificial Intelligence",
          "level": 3
        }
      },
      {
        "id": "ixz2cL9eiI",
        "type": "paragraph",
        "data": {
          "text": "As AI becomes more powerful, the focus on ethical development and deployment has intensified. Organizations are implementing robust frameworks to ensure AI systems are fair, transparent, and accountable. This includes addressing bias, ensuring privacy, and maintaining human oversight in critical decision-making processes."
        }
      },
      {
        "id": "QcupGHh0an",
        "type": "header",
        "data": {
          "text": "Looking Ahead: The Next Frontier",
          "level": 3
        }
      },
      {
        "id": "dP781_klIv",
        "type": "paragraph",
        "data": {
          "text": "The rapid pace of AI development shows no signs of slowing down. As we look toward the future, we can expect even more sophisticated AI systems that will continue to transform industries, enhance human capabilities, and open new possibilities for innovation and discovery."
        }
      },
      {
        "id": "S82-sx9Yoj",
        "type": "image",
        "data": {
          "caption": "",
          "withBorder": false,
          "withBackground": false,
          "stretched": true,
          "file": {
            "url": "/uploads/1760985772829-glvirp5vjap.png",
            "alt": "predix-logo.png"
          }
        }
      }
    ]
  },
  "schema": "blog",
  "status": "published",
  "createdAt": "2024-12-20T10:00:00.000Z",
  "updatedAt": "2025-10-20T19:08:33.534Z",
  "author": "AI Research Team",
  "metadata": {
    "seo-title": "AI Developments 2024: Revolutionary Technology Breakthroughs",
    "seo-description": "Discover the most significant AI developments in 2024. From machine learning breakthroughs to autonomous systems, explore how AI is reshaping technology and our daily lives.",
    "seo-keywords": "AI developments 2024, artificial intelligence, machine learning, technology breakthroughs, AI innovation",
    "seo-image": "",
    "canonical-url": "",
    "cover": "/uploads/1760985772829-glvirp5vjap.png",
    "excerpt": "2024 has been a transformative year for artificial intelligence, with groundbreaking developments that are fundamentally changing how we interact with technology. 2024 has been a transformative year for artificial intelligence, with groundbreaking developments that are fundamentally changing how we interact with technology. 2024 has been a transformative year for artificial intelligence, with groundbreaking developments that are fundamentally changing how we interact with technology. 2024 has been a transformative year for artificial intelligence, with groundbreaking developments that are fundamentally changing how we interact with technology.",
    "featured": true,
    "tags": ["AI", "Technology", "Machine Learning", "Innovation"]
  }
}